--
-- MySQL 5.5.40
-- Tue, 18 Nov 2014 06:56:29 +0000
--

DROP TABLE IF EXISTS `tbl_pengguna`;
CREATE TABLE `tbl_pengguna` (
   `id` int(11) not null auto_increment,
   `username` varchar(50) not null,
   `email` varchar(100) not null,
   `password` varchar(32) not null,
   `level` tinyint(1) not null,
   PRIMARY KEY (`id`),
   UNIQUE KEY (`username`),
   UNIQUE KEY (`email`)
) ENGINE=InnoDB DEFAULT CHARSET=utf8;

INSERT INTO `tbl_pengguna` (`username`, `email`, `password`, `level`) VALUES
('admin', 'admin@email.com', '81dc9bdb52d04dc20036dbd8313ed055', 1);
--
-- MySQL 5.5.40
-- Tue, 18 Nov 2014 06:56:29 +0000
--

DROP TABLE IF EXISTS `tbl_penduduk`;
CREATE TABLE `tbl_penduduk` (
   `nik` char(16) not null,
   `no_kk` char(16) not null,
   `nama` varchar(100) not null,
   `jns_kel` tinyint(1) not null,
   `tmpt_lahir` varchar(50) not null,
   `tgl_lahir` date not null,
   `gol_darah` tinyint(1) not null,
   `agama` tinyint(1) not null,
   `status_kawin` tinyint(1) not null,
   `status_kel` tinyint(1) not null,
   `pendidikan` varchar(50) not null,
   `pekerjaan` varchar(50) not null,
   `nama_ibu` varchar(100),
   `nama_ayah` varchar(50),
   `alamat` varchar(255) not null,
   `rt` char(3) not null,
   `rw` char(3) not null,
   `kel` varchar(50) not null,
   `kec` varchar(50) not null,
   `kota` varchar(50) not null,
   `pos` char(5) not null,
   `prop` varchar(50) not null,
   `kwn` tinyint(1) default 0,
   PRIMARY KEY (`nik`)
) ENGINE=InnoDB DEFAULT CHARSET=utf8;

INSERT INTO `tbl_penduduk` (`nik`, `no_kk`, `nama`, `jns_kel`, `tmpt_lahir`, `tgl_lahir`, `gol_darah`, `agama`, `status_kawin`, `status_kel`, `pendidikan`, `pekerjaan`, `nama_ibu`, `nama_ayah`, `alamat`, `rt`, `rw`, `kel`, `kec`, `kota`, `pos`, `prop`, `kwn`) VALUES
('3375823547687234', '3375826874475735', 'Mas Admin', 1, 'Pekalongan', '1983-08-25', 0, 0, 1, 0, 'Apa Ajah', 'Administrator Aplikasi', 'Bu Erwe', 'Pak Kades', 'Alamat Lengkap Pak Kades', '002', '001', 'Nama Kelurahan', 'Nama Kecamatan', 'Kab. Pekalongan', '54321', 'Jawa Tengah', 0),
('3375823547687454', '3375826874475735', 'Bu Erwe', 0, 'Pekalongan', '1989-06-16', 3, 0, 1, 1, 'Apa Ajah', 'Ketua Erwe', 'Ibu Mertuanya Pak Kades', 'Ayah Mertuanya Pak Kades', 'Alamat Lengkap Pak Kades', '002', '001', 'Nama Kelurahan', 'Nama Kecamatan', 'Kab. Pekalongan', '54321', 'Jawa Tengah', 0),
('3375823547687456', '3375826874475735', 'Pak Kades', 1, 'Pekalongan', '1984-05-14', 1, 0, 1, 0, 'Apa Ajah', 'Kepala Desa', 'Ibu Mertuanya Bu Erwe', 'Ayah Mertuanya Bu Erwe', 'Alamat Lengkap Pak Kades', '002', '001', 'Nama Kelurahan', 'Nama Kecamatan', 'Kab. Pekalongan', '54321', 'Jawa Tengah', 0),
('3375823547687457', '3375826874475735', 'Mbak Erte', 0, 'Pekalongan', '1985-03-12', 2, 0, 1, 0, 'Apa Ajah', 'Ketua Erte', 'Bu Erwe', 'Pak Kades', 'Alamat Lengkap Pak Kades', '002', '001', 'Nama Kelurahan', 'Nama Kecamatan', 'Kab. Pekalongan', '54321', 'Jawa Tengah', 0),
('3375823547687567', '3375826875476735', 'Nama Bapak', 1, 'Pekalongan', '1984-07-15', 1, 0, 1, 0, 'Apa Ajah', 'Bapak Rumah Tangga', 'Ibu Mertuanya Nama Ibu', 'Ayah Mertuanya Nama Ibu', 'Alamat Lengkap si Bapak', '002', '001', 'Nama Kelurahan', 'Nama Kecamatan', 'Kab. Pekalongan', '54321', 'Jawa Tengah', 0),
('3375823547687787', '3375826875476735', 'Nama Ibu', 0, 'Pekalongan', '1983-06-16', 1, 0, 1, 1, 'Apa Ajah', 'Ibu Rumah Tangga', 'Ibu Mertuanya Nama Bapak', 'Ayah Mertuanya Nama Bapak', 'Alamat Lengkap si Bapak', '002', '001', 'Nama Kelurahan', 'Nama Kecamatan', 'Kab. Pekalongan', '54321', 'Jawa Tengah', 0),
('3375823547787687', '3375826875476735', 'Nama Anak', 0, 'Pekalongan', '2005-06-16', 0, 0, 0, 2, 'Pendidikan', 'Pelajar', 'Nama Ibu', 'Nama Ayah', 'Alamat Lengkap si Bapak', '002', '001', 'Nama Kelurahan', 'Nama Kecamatan', 'Kab. Pekalongan', '54321', 'Jawa Tengah', 0),
('3375823547680001', '3375826875476735', 'Nama Adik Bapak', 0, 'Pekalongan', '1991-06-16', 0, 0, 0, 2, 'Pendidikan', 'Pelajar', 'Ibu Mertuanya Nama Ibu', ' Ayah Mertuanya Nama Ibu', 'Alamat Lengkap si Bapak', '002', '001', 'Nama Kelurahan', 'Nama Kecamatan', 'Kab. Pekalongan', '54321', 'Jawa Tengah', 0),
('3375823547780003', '3375826875476735', 'Nama Adik Ibu', 1, 'Pekalongan', '1988-06-16', 0, 0, 0, 2, 'Pendidikan', 'Pelajar', 'Ibu Mertuanya Nama Bapak', ' Ayah Mertuanya Nama Bapak', 'Alamat Lengkap si Bapak', '002', '001', 'Nama Kelurahan', 'Nama Kecamatan', 'Kab. Pekalongan', '54321', 'Jawa Tengah', 0);

-- Update tbl_user structure

ALTER TABLE `tbl_pengguna` ADD `nik` char(16) not null AFTER `username`;

-- Add nik to Administrator

UPDATE `tbl_pengguna` SET `nik` = '3375823547687234' WHERE `tbl_pengguna`.`id` = 1;

-- Add Another pengguna

INSERT INTO `tbl_pengguna` (`nik`, `username`, `email`, `password`, `level`) VALUES
('3375823547687454', 'buerwe', 'buerwe@email.com', '81dc9bdb52d04dc20036dbd8313ed055', 3),
('3375823547687456', 'pakkades', 'pakkades@email.com', '81dc9bdb52d04dc20036dbd8313ed055', 2),
('3375823547687457', 'pakerte', 'pakerte@email.com', '81dc9bdb52d04dc20036dbd8313ed055', 4),
('3375823547687567', 'bapakku', 'bapakku@email.com', '81dc9bdb52d04dc20036dbd8313ed055', 5),
('3375823547687787', 'username', 'saya@email.com', '81dc9bdb52d04dc20036dbd8313ed055', 5);

DROP TABLE IF EXISTS `tbl_keluarga`;
CREATE TABLE `tbl_keluarga` (
   `no_kk` char(16) not null,
   `nik_kepala` char(16) not null,
   `alamat` varchar(255) not null,
   `rt` char(3) not null,
   `rw` char(3) not null,
   `kel` varchar(50) not null,
   `kec` varchar(50) not null,
   `kota` varchar(50) not null,
   `pos` char(5) not null,
   `prop` varchar(50) not null,
   PRIMARY KEY (`no_kk`)
) ENGINE=InnoDB DEFAULT CHARSET=utf8;

INSERT INTO `tbl_keluarga` (`no_kk`, `nik_kepala`, `alamat`, `rt`, `rw`, `kel`, `kec`, `kota`, `pos`, `prop`) VALUES
('3375826874475735', '3375823547687456', 'Alamat Lengkap Pak Kades', '002', '001', 'Nama Kelurahan', 'Nama Kecamatan', 'Kab. Pekalongan', '54321', 'Jawa Tengah'),
('3375826875476735', '3375823547687567', 'Alamat Lengkap si Bapak', '002', '001', 'Nama Kelurahan', 'Nama Kecamatan', 'Kab. Pekalongan', '54321', 'Jawa Tengah');
--
-- MySQL 5.5.40
-- Tue, 18 Nov 2014 06:56:29 +0000
--

DROP TABLE IF EXISTS `tbl_surat`;
CREATE TABLE `tbl_surat` (
   `id` int(11) not null auto_increment,
   `no_surat` varchar(17) not null,
   `tgl_surat` date not null,
   `jns_surat` varchar(30) not null,
   `status_rt` tinyint(1) not null default '0',
   `status_rw` tinyint(1) not null default '0',
   `status_kades` tinyint(1) not null default '0',
   `nik_pemohon` char(16) not null,
   `tujuan` varchar(100) not null,
   `ttd` varchar(20),
   PRIMARY KEY (`id`),
   UNIQUE KEY (`no_surat`)
) ENGINE=InnoDB DEFAULT CHARSET=utf8;

INSERT INTO `tbl_surat` (`no_surat`, `tgl_surat`, `jns_surat`, `nik_pemohon`, `tujuan`, `ttd`) VALUES
('sk-takmampu-001', '2015-01-02', 'sk-takmampu', '3375823547687234', 'Minta Surat', 'Kepala Desa'),
('sk-umum-001', '2015-01-02', 'sk-umum', '3375823547687234', 'Minta Surat', 'Kepala Desa'),
('sk-usaha-001', '2015-01-02', 'sk-usaha', '3375823547687567', 'Minta Surat', 'Kepala Desa'),
('sk-domtinggal-001', '2015-01-02', 'sk-domtinggal', '3375823547687234', 'Minta Surat', 'Kepala Desa'),
('spengpol-001', '2015-01-02', 'spengpol', '3375823547687567', 'Minta Surat', 'Kepala Desa'),
('speru-001', '2015-01-02', 'speru', '3375823547687234', 'Minta Surat', 'Kepala Desa'),
('sk-lahir-001', '2015-01-02', 'sk-lahir', '3375823547680001', 'Minta Surat', 'Kepala Desa'),
('sk-mati-001', '2015-01-02', 'sk-mati', '3375823547687234', 'Minta Surat', 'Kepala Desa'),
('sk-domusaha-001', '2015-01-02', 'sk-domusaha', '3375823547687567', 'Minta Surat Domisili Usaha', 'Kepala Desa'),
('spengu-001', '2015-01-02', 'spengu', '3375823547680001', 'Minta Surat Pengantar Umum', 'Kepala Desa'),
('spemu-001', '2015-01-02', 'spemu', '3375823547687234', 'Minta Surat Pemberitahuan Umum', 'Kepala Desa'),
('spengho-001', '2015-01-02', 'spengho', '3375823547687567', 'Minta Surat', 'Kepala Desa'),
('sp-ktp-001', '2015-01-02', 'sp-ktp', '3375823547687234', 'Minta Surat', 'Kepala Desa'),
('sp-kk-001', '2015-01-02', 'sp-kk', '3375823547680001', 'Minta Surat', 'Kepala Desa'),
('sp-pindah-001', '2015-01-02', 'sp-pindah', '3375823547687567', '', 'Kepala Desa'),
('sk-takmampu-002', '2015-01-02', 'sk-takmampu', '3375823547687234', 'Minta Surat', 'Kepala Desa'),
('sk-umum-002', '2015-01-02', 'sk-umum', '3375823547687567', 'Minta Surat', 'Kepala Desa'),
('sk-usaha-002', '2015-01-02', 'sk-usaha', '3375823547687234', 'Minta Surat', 'Kepala Desa'),
('sk-domtinggal-002', '2015-01-02', 'sk-domtinggal', '3375823547780003', 'Minta Surat', 'Kepala Desa'),
('spengpol-002', '2015-01-02', 'spengpol', '3375823547687234', 'Minta Surat', 'Kepala Desa'),
('speru-002', '2015-01-02', 'speru', '3375823547680001', 'Minta Surat', 'Kepala Desa'),
('sk-lahir-002', '2015-01-02', 'sk-lahir', '3375823547687567', 'Minta Surat', 'Kepala Desa'),
('sk-mati-002', '2015-01-02', 'sk-mati', '3375823547687234', 'Minta Surat', 'Kepala Desa'),
('sk-domusaha-002', '2015-01-02', 'sk-domusaha', '3375823547687567', 'Minta Surat Domisili Usaha', 'Kepala Desa'),
('spengu-002', '2015-01-02', 'spengu', '3375823547687234', 'Minta Surat Pengantar Umum', 'Kepala Desa'),
('spemu-002', '2015-01-02', 'spemu', '3375823547687567', 'Minta Surat Pemberitahuan Umum', 'Kepala Desa'),
('spengho-002', '2015-01-02', 'spengho', '3375823547687234', 'Minta Surat', 'Kepala Desa'),
('sp-ktp-002', '2015-01-02', 'sp-ktp', '3375823547687567', 'Minta Surat', 'Kepala Desa'),
('sp-kk-002', '2015-01-02', 'sp-kk', '3375823547687234', 'Minta Surat', 'Kepala Desa'),
('sp-pindah-002', '2015-01-02', 'sp-pindah', '3375823547780003', '', 'Kepala Desa'),
('sk-takmampu-003', '2015-01-02', 'sk-takmampu', '3375823547687234', 'Minta Surat', 'Kepala Desa'),
('sk-umum-003', '2015-01-02', 'sk-umum', '3375823547780003', 'Minta Surat', 'Kepala Desa'),
('sk-usaha-003', '2015-01-02', 'sk-usaha', '3375823547687567', 'Minta Surat', 'Kepala Desa'),
('sk-domtinggal-003', '2015-01-02', 'sk-domtinggal', '3375823547687234', 'Minta Surat', 'Kepala Desa'),
('spengpol-003', '2015-01-02', 'spengpol', '3375823547687567', 'Minta Surat', 'Kepala Desa'),
('speru-003', '2015-01-02', 'speru', '3375823547680001', 'Minta Surat', 'Kepala Desa'),
('sk-lahir-003', '2015-01-02', 'sk-lahir', '3375823547687234', 'Minta Surat', 'Kepala Desa'),
('sk-mati-003', '2015-01-02', 'sk-mati', '3375823547687567', 'Minta Surat', 'Kepala Desa'),
('sk-domusaha-003', '2015-01-02', 'sk-domusaha', '3375823547680001', 'Minta Surat Domisili Usaha', 'Kepala Desa'),
('spengu-003', '2015-01-02', 'spengu', '3375823547687567', 'Minta Surat Pengantar Umum', 'Kepala Desa'),
('spemu-003', '2015-01-02', 'spemu', '3375823547687234', 'Minta Surat Pemberitahuan Umum', 'Kepala Desa'),
('spengho-003', '2015-01-02', 'spengho', '3375823547780003', 'Minta Surat', 'Kepala Desa'),
('sp-ktp-003', '2015-01-02', 'sp-ktp', '3375823547687567', 'Minta Surat', 'Kepala Desa'),
('sp-kk-003', '2015-01-02', 'sp-kk', '3375823547687234', 'Minta Surat', 'Kepala Desa'),
('sp-pindah-003', '2015-01-02', 'sp-pindah', '3375823547687567', '', 'Kepala Desa'),
('sk-takmampu-004', '2015-01-02', 'sk-takmampu', '3375823547687234', 'Minta Surat', 'Kepala Desa'),
('sk-umum-004', '2015-01-02', 'sk-umum', '3375823547780003', 'Minta Surat', 'Kepala Desa'),
('sk-usaha-004', '2015-01-02', 'sk-usaha', '3375823547687567', 'Minta Surat', 'Kepala Desa'),
('sk-domtinggal-004', '2015-01-02', 'sk-domtinggal', '3375823547780003', 'Minta Surat', 'Kepala Desa'),
('spengpol-004', '2015-01-02', 'spengpol', '3375823547687234', 'Minta Surat', 'Kepala Desa'),
('speru-004', '2015-01-02', 'speru', '3375823547687567', 'Minta Surat', 'Kepala Desa'),
('sk-lahir-004', '2015-01-02', 'sk-lahir', '3375823547687234', 'Minta Surat', 'Kepala Desa'),
('sk-mati-004', '2015-01-02', 'sk-mati', '3375823547780003', 'Minta Surat', 'Kepala Desa'),
('sk-domusaha-004', '2015-01-02', 'sk-domusaha', '3375823547687567', 'Minta Surat Domisili Usaha', 'Kepala Desa'),
('spengu-004', '2015-01-02', 'spengu', '3375823547687234', 'Minta Surat Pengantar Umum', 'Kepala Desa'),
('spemu-004', '2015-01-02', 'spemu', '3375823547687567', 'Minta Surat Pemberitahuan Umum', 'Kepala Desa'),
('spengho-004', '2015-01-02', 'spengho', '3375823547687234', 'Minta Surat', 'Kepala Desa'),
('sp-ktp-004', '2015-01-02', 'sp-ktp', '3375823547687567', 'Minta Surat', 'Kepala Desa'),
('sp-kk-004', '2015-01-02', 'sp-kk', '3375823547687234', 'Minta Surat', 'Kepala Desa'),
('sp-pindah-004', '2015-01-02', 'sp-pindah', '3375823547687567', '', 'Kepala Desa');

DROP TABLE IF EXISTS `tbl_surat_detil`;
CREATE TABLE `tbl_surat_detil` (
   `id` int(11) not null auto_increment,
   `id_surat` int(11) not null,
   `nama` varchar(255) not null,
   `nilai` text,
   PRIMARY KEY (`id`)
) ENGINE=InnoDB DEFAULT CHARSET=utf8;

INSERT INTO `tbl_surat_detil` (`id_surat`, `nama`, `nilai`) VALUES
(1, 'sk_rw', '-'),
(1, 'sk_rw_no', '-'),
(1, 'sk_rw_tgl', '-'),
(1, 'bukti_ktp', '3375823547687234'),
(1, 'bukti_kk', '3375826874475735'),
(2, 'sk_rw', '-'),
(2, 'sk_rw_no', '-'),
(2, 'sk_rw_tgl', '-'),
(2, 'bukti_ktp', '3375823547687234'),
(2, 'bukti_kk', '3375826874475735'),
(3, 'sk_rw', '-'),
(3, 'sk_rw_no', '-'),
(3, 'sk_rw_tgl', '-'),
(3, 'bukti_ktp', '3375823547687234'),
(3, 'bukti_kk', '3375826874475735'),
(3, 'jns_usaha', 'anu'),
(4, 'sk_rw', '-'),
(4, 'sk_rw_no', '-'),
(4, 'sk_rw_tgl', '-'),
(4, 'bukti_ktp', '3375823547687234'),
(4, 'bukti_kk', '3375826874475735'),
(5, 'berlaku', '11-12-2015'),
(5, 'bukti_ktp', '3375823547687234'),
(5, 'bukti_kk', '3375826874475735'),
(5, 'ket_lain', 'keterangan lain'),
(6, 'tujuan_pernyataan', 'Anu'),
(6, 'isi_pernyataan', 'Isi Pernyataan'),
(6, 'saksi_1', 'ana'),
(6, 'saksi_2', 'ani'),
(6, 'ketua_rt', 'ono'),
(6, 'ketua_rw', 'ene'),
(7, 'hub_pemohon', 'Bapaknya'),
(7, 'nama_bayi', 'Nama Bayi'),
(7, 'jns_kel_bayi', '-'),
(7, 'tmpt_lahir_bayi', 'Tempat Lahir'),
(7, 'hari_lahir_bayi', 'Hari'),
(7, 'waktu_lahir_bayi', 'Jam'),
(7, 'tgl_lahir_bayi', '02-12-2014'),
(7, 'jns_lahir_bayi', 'Normal'),
(7, 'urutan_bayi', '3'),
(7, 'asisten_lahir', 'Si Anu'),
(7, 'berat_bayi', '2'),
(7, 'panjang_bayi', '40'),
(7, 'nik_ibu', '3375823547687234'),
(7, 'nama_ibu', 'Nama Ibu'),
(7, 'tgl_lahir_ibu', '1984-07-15'),
(7, 'pekerjaan_ibu', 'Bapak Rumah Tangga'),
(7, 'alamat_ibu', 'Alamat Lengkap si Bapak'),
(7, 'rt_ibu', '2'),
(7, 'rw_ibu', '1'),
(7, 'pos_ibu', '54321'),
(7, 'kel_ibu', 'Nama Kelurahan'),
(7, 'kec_ibu', 'Nama Kecamatan'),
(7, 'kota_ibu', 'Kab. Pekalongan'),
(7, 'prop_ibu', 'Jawa Tengah'),
(7, 'kwn_ibu', '-'),
(7, 'kebangsaan_ibu', 'Indonesia'),
(7, 'tgl_nikah_ibu', '10-02-1991'),
(7, 'nik_ayah', '3375823547687234'),
(7, 'nama_ayah', 'Nama Ayah'),
(7, 'tgl_lahir_ayah', '1984-07-15'),
(7, 'pekerjaan_ayah', 'Bapak Rumah Tangga'),
(7, 'alamat_ayah', 'Alamat Lengkap si Bapak'),
(7, 'rt_ayah', '2'),
(7, 'rw_ayah', '1'),
(7, 'pos_ayah', '54321'),
(7, 'kel_ayah', 'Nama Kelurahan'),
(7, 'kec_ayah', 'Nama Kecamatan'),
(7, 'kota_ayah', 'Kab. Pekalongan'),
(7, 'prop_ayah', 'Jawa Tengah'),
(7, 'kwn_ayah', '-'),
(7, 'nik_saksi_1', '3375823547687234'),
(7, 'nama_saksi_1', 'Nama Saksi 1'),
(7, 'tgl_lahir_saksi_1', '1984-07-15'),
(7, 'pekerjaan_saksi_1', 'Bapak Rumah Tangga'),
(7, 'alamat_saksi_1', 'Alamat Lengkap si Bapak'),
(7, 'rt_saksi_1', '2'),
(7, 'rw_saksi_1', '1'),
(7, 'pos_saksi_1', '54321'),
(7, 'kel_saksi_1', 'Nama Kelurahan'),
(7, 'kec_saksi_1', 'Nama Kecamatan'),
(7, 'kota_saksi_1', 'Kab. Pekalongan'),
(7, 'prop_saksi_1', 'Jawa Tengah'),
(7, 'nik_saksi_2', '3375823547687234'),
(7, 'nama_saksi_2', 'Nama Saksi 2'),
(7, 'tgl_lahir_saksi_2', '1984-07-15'),
(7, 'pekerjaan_saksi_2', 'Bapak Rumah Tangga'),
(7, 'alamat_saksi_2', 'Alamat Lengkap si Bapak'),
(7, 'rt_saksi_2', '2'),
(7, 'rw_saksi_2', '1'),
(7, 'pos_saksi_2', '54321'),
(7, 'kel_saksi_2', 'Nama Kelurahan'),
(7, 'kec_saksi_2', 'Nama Kecamatan'),
(7, 'kota_saksi_2', 'Kab. Pekalongan'),
(7, 'prop_saksi_2', 'Jawa Tengah'),
(8, 'hub_pemohon', 'Bapaknya'),
(8, 'nik_jenazah', '3375823547687234'),
(8, 'nama_jenazah', 'Nama Jenazah'),
(8, 'jns_kel_jenazah', '1'),
(8, 'tmpt_lahir_jenazah', 'Tempat Lahir'),
(8, 'tgl_lahir_jenazah', '15-01-1990'),
(8, 'anak_ke_jenazah', '2'),
(8, 'tgl_mati_jenazah', '01-01-2015'),
(8, 'jam_mati_jenazah', 'Jam'),
(8, 'sebab_mati_jenazah', 'Sebab Mati'),
(8, 'tempat_mati_jenazah', 'Tempat Mati'),
(8, 'penerang_jenazah', 'Yang Menenangkan'),
(8, 'nik_ibu', '3375823547687234'),
(8, 'nama_ibu', 'Nama Ibu'),
(8, 'tgl_lahir_ibu', '1984-07-15'),
(8, 'pekerjaan_ibu', 'Bapak Rumah Tangga'),
(8, 'alamat_ibu', 'Alamat Lengkap si Bapak'),
(8, 'rt_ibu', '2'),
(8, 'rw_ibu', '1'),
(8, 'pos_ibu', '54321'),
(8, 'kel_ibu', 'Nama Kelurahan'),
(8, 'kec_ibu', 'Nama Kecamatan'),
(8, 'kota_ibu', 'Kab. Pekalongan'),
(8, 'prop_ibu', 'Jawa Tengah'),
(8, 'kwn_ibu', '-'),
(8, 'kebangsaan_ibu', 'Indonesia'),
(8, 'tgl_nikah_ibu', '10-02-1991'),
(8, 'nik_ayah', '3375823547687234'),
(8, 'nama_ayah', 'Nama Ayah'),
(8, 'tgl_lahir_ayah', '1984-07-15'),
(8, 'pekerjaan_ayah', 'Bapak Rumah Tangga'),
(8, 'alamat_ayah', 'Alamat Lengkap si Bapak'),
(8, 'rt_ayah', '2'),
(8, 'rw_ayah', '1'),
(8, 'pos_ayah', '54321'),
(8, 'kel_ayah', 'Nama Kelurahan'),
(8, 'kec_ayah', 'Nama Kecamatan'),
(8, 'kota_ayah', 'Kab. Pekalongan'),
(8, 'prop_ayah', 'Jawa Tengah'),
(8, 'kwn_ayah', '-'),
(8, 'nik_saksi_1', '3375823547687234'),
(8, 'nama_saksi_1', 'Nama Saksi 1'),
(8, 'tgl_lahir_saksi_1', '1984-07-15'),
(8, 'pekerjaan_saksi_1', 'Bapak Rumah Tangga'),
(8, 'alamat_saksi_1', 'Alamat Lengkap si Bapak'),
(8, 'rt_saksi_1', '2'),
(8, 'rw_saksi_1', '1'),
(8, 'pos_saksi_1', '54321'),
(8, 'kel_saksi_1', 'Nama Kelurahan'),
(8, 'kec_saksi_1', 'Nama Kecamatan'),
(8, 'kota_saksi_1', 'Kab. Pekalongan'),
(8, 'prop_saksi_1', 'Jawa Tengah'),
(8, 'nik_saksi_2', '3375823547687234'),
(8, 'nama_saksi_2', 'Nama Saksi 2'),
(8, 'tgl_lahir_saksi_2', '1984-07-15'),
(8, 'pekerjaan_saksi_2', 'Bapak Rumah Tangga'),
(8, 'alamat_saksi_2', 'Alamat Lengkap si Bapak'),
(8, 'rt_saksi_2', '2'),
(8, 'rw_saksi_2', '1'),
(8, 'pos_saksi_2', '54321'),
(8, 'kel_saksi_2', 'Nama Kelurahan'),
(8, 'kec_saksi_2', 'Nama Kecamatan'),
(8, 'kota_saksi_2', 'Kab. Pekalongan'),
(8, 'prop_saksi_2', 'Jawa Tengah'),
(9, 'sk_rw', '-'),
(9, 'sk_rw_no', '-'),
(9, 'sk_rw_tgl', '-'),
(9, 'bukti_ktp', '3375823547687567'),
(9, 'bukti_kk', '3375826875476735'),
(9, 'nama_usaha', 'Nama Perusahaan'),
(9, 'nama_pemilik', 'Saya'),
(9, 'alamat_usaha', 'disini'),
(9, 'jns_usaha', 'anu'),
(9, 'status_usaha', 'bangkrut'),
(9, 'juml_karyawan', '2'),
(9, 'luas_usaha', '12'),
(9, 'jam_kerja', 'kapan aja'),
(10, 'berlaku', '-'),
(10, 'bukti_ktp', '3375823547687567'),
(10, 'bukti_kk', '3375826875476735'),
(10, 'ket_lain', 'keterangan lain'),
(11, 'berlaku', '-'),
(11, 'bukti_ktp', '3375823547687567'),
(11, 'bukti_kk', '3375826875476735'),
(11, 'ket_lain', 'keterangan lain'),
(12, 'sk_rw', '-'),
(12, 'sk_rw_no', '-'),
(12, 'sk_rw_tgl', '-'),
(12, 'bukti_ktp', '3375823547687567'),
(12, 'bukti_kk', '3375826875476735'),
(12, 'maksud_acara', 'Hura-hura'),
(12, 'tgl_acara', '05-01-2015'),
(12, 'waktu_acara', '16'),
(12, 'jenis_acara', 'Apa Ajah'),
(12, 'juml_undangan', '2'),
(12, 'tmpt_acara', 'Dimana Ajah'),
(13, 'nik', '3375823547687567'),
(13, 'nama', 'Nama Bapak'),
(13, 'no_kk', '3375826875476735'),
(13, 'alamat', 'Alamat Lengkap si Bapak'),
(14, 'nik', '3375823547687567'),
(14, 'nama', 'Nama Bapak'),
(14, 'no_kk', '3375826875476735'),
(14, 'alamat', 'Alamat Lengkap si Bapak'),
(14, 'rt', '2'),
(14, 'rw', '1'),
(14, 'pos', '54321'),
(14, 'juml_keluarga', '1'),
(14, 'keluarga', 'a:1:{i:0;a:4:{s:12:\"keluarga_nik\";s:16:\"3375823547687567\";s:13:\"keluarga_nama\";s:10:\"Nama Bapak\";s:16:\"keluarga_tgl_ktp\";s:10:\"10/10/2010\";s:13:\"keluarga_shdk\";s:1:\"1\";}}'),
(15, 'no_kk_dari', '3375823547687567'),
(15, 'nama_kk_dari', 'Nama Kepala Keluarga'),
(15, 'alamat_dari', 'Alamat Asal'),
(15, 'rt_dari', '1'),
(15, 'rw_dari', '1'),
(15, 'pos_dari', '12345'),
(15, 'nik_dari', '3375823547687567'),
(15, 'nama_dari', 'Nama Bapak'),
(15, 'alasan_pindah', 'Pingin Pindah'),
(15, 'alamat_pindah', 'Alamat Baru'),
(15, 'rt_pindah', '2'),
(15, 'rw_pindah', '2'),
(15, 'pos_pindah', '54321'),
(15, 'kel_pindah', 'Keluarahan Baru'),
(15, 'kec_pindah', 'Kecamatan Baru'),
(15, 'kota_pindah', 'Kab. Baru'),
(15, 'prov_pindah', 'Propinsi Baru'),
(15, 'klasifikasi', 'Digusur'),
(15, 'jenis', 'Paksaan'),
(15, 'kk_tak_pindah', 'Gak Tauk'),
(15, 'kk_pindah', 'Gak Tauk'),
(15, 'tgl_pindah', '04-01-2015'),
(15, 'juml_keluarga', '1'),
(15, 'keluarga', 'a:1:{i:0;a:3:{s:12:\"keluarga_nik\";s:16:\"3375823547687567\";s:13:\"keluarga_nama\";s:10:\"Nama Bapak\";s:13:\"keluarga_shdk\";s:1:\"1\";}}'),
(16, 'sk_rw', '-'),
(16, 'sk_rw_no', '-'),
(16, 'sk_rw_tgl', '-'),
(16, 'bukti_ktp', '3375823547687234'),
(16, 'bukti_kk', '3375826874475735'),
(17, 'sk_rw', '-'),
(17, 'sk_rw_no', '-'),
(17, 'sk_rw_tgl', '-'),
(17, 'bukti_ktp', '3375823547687234'),
(17, 'bukti_kk', '3375826874475735'),
(18, 'sk_rw', '-'),
(18, 'sk_rw_no', '-'),
(18, 'sk_rw_tgl', '-'),
(18, 'bukti_ktp', '3375823547687234'),
(18, 'bukti_kk', '3375826874475735'),
(18, 'jns_usaha', 'anu'),
(19, 'sk_rw', '-'),
(19, 'sk_rw_no', '-'),
(19, 'sk_rw_tgl', '-'),
(19, 'bukti_ktp', '3375823547687234'),
(19, 'bukti_kk', '3375826874475735'),
(10, 'berlaku', '11-12-2015'),
(10, 'bukti_ktp', '3375823547687234'),
(10, 'bukti_kk', '3375826874475735'),
(10, 'ket_lain', 'keterangan lain'),
(21, 'tujuan_pernyataan', 'Anu'),
(21, 'isi_pernyataan', 'Isi Pernyataan'),
(21, 'saksi_1', 'ana'),
(21, 'saksi_2', 'ani'),
(21, 'ketua_rt', 'ono'),
(21, 'ketua_rw', 'ene'),
(22, 'hub_pemohon', 'Bapaknya'),
(22, 'nama_bayi', 'Nama Bayi'),
(22, 'jns_kel_bayi', '-'),
(22, 'tmpt_lahir_bayi', 'Tempat Lahir'),
(22, 'hari_lahir_bayi', 'Hari'),
(22, 'waktu_lahir_bayi', 'Jam'),
(22, 'tgl_lahir_bayi', '02-12-2014'),
(22, 'jns_lahir_bayi', 'Normal'),
(22, 'urutan_bayi', '3'),
(22, 'asisten_lahir', 'Si Anu'),
(22, 'berat_bayi', '2'),
(22, 'panjang_bayi', '40'),
(22, 'nik_ibu', '3375823547687234'),
(22, 'nama_ibu', 'Nama Ibu'),
(22, 'tgl_lahir_ibu', '1984-07-15'),
(22, 'pekerjaan_ibu', 'Bapak Rumah Tangga'),
(22, 'alamat_ibu', 'Alamat Lengkap si Bapak'),
(22, 'rt_ibu', '2'),
(22, 'rw_ibu', '1'),
(22, 'pos_ibu', '54321'),
(22, 'kel_ibu', 'Nama Kelurahan'),
(22, 'kec_ibu', 'Nama Kecamatan'),
(22, 'kota_ibu', 'Kab. Pekalongan'),
(22, 'prop_ibu', 'Jawa Tengah'),
(22, 'kwn_ibu', '-'),
(22, 'kebangsaan_ibu', 'Indonesia'),
(22, 'tgl_nikah_ibu', '10-02-1991'),
(22, 'nik_ayah', '3375823547687234'),
(22, 'nama_ayah', 'Nama Ayah'),
(22, 'tgl_lahir_ayah', '1984-07-15'),
(22, 'pekerjaan_ayah', 'Bapak Rumah Tangga'),
(22, 'alamat_ayah', 'Alamat Lengkap si Bapak'),
(22, 'rt_ayah', '2'),
(22, 'rw_ayah', '1'),
(22, 'pos_ayah', '54321'),
(22, 'kel_ayah', 'Nama Kelurahan'),
(22, 'kec_ayah', 'Nama Kecamatan'),
(22, 'kota_ayah', 'Kab. Pekalongan'),
(22, 'prop_ayah', 'Jawa Tengah'),
(22, 'kwn_ayah', '-'),
(22, 'nik_saksi_1', '3375823547687234'),
(22, 'nama_saksi_1', 'Nama Saksi 1'),
(22, 'tgl_lahir_saksi_1', '1984-07-15'),
(22, 'pekerjaan_saksi_1', 'Bapak Rumah Tangga'),
(22, 'alamat_saksi_1', 'Alamat Lengkap si Bapak'),
(22, 'rt_saksi_1', '2'),
(22, 'rw_saksi_1', '1'),
(22, 'pos_saksi_1', '54321'),
(22, 'kel_saksi_1', 'Nama Kelurahan'),
(22, 'kec_saksi_1', 'Nama Kecamatan'),
(22, 'kota_saksi_1', 'Kab. Pekalongan'),
(22, 'prop_saksi_1', 'Jawa Tengah'),
(22, 'nik_saksi_2', '3375823547687234'),
(22, 'nama_saksi_2', 'Nama Saksi 2'),
(22, 'tgl_lahir_saksi_2', '1984-07-15'),
(22, 'pekerjaan_saksi_2', 'Bapak Rumah Tangga'),
(22, 'alamat_saksi_2', 'Alamat Lengkap si Bapak'),
(22, 'rt_saksi_2', '2'),
(22, 'rw_saksi_2', '1'),
(22, 'pos_saksi_2', '54321'),
(22, 'kel_saksi_2', 'Nama Kelurahan'),
(22, 'kec_saksi_2', 'Nama Kecamatan'),
(22, 'kota_saksi_2', 'Kab. Pekalongan'),
(22, 'prop_saksi_2', 'Jawa Tengah'),
(23, 'hub_pemohon', 'Bapaknya'),
(23, 'nik_jenazah', '3375823547687234'),
(23, 'nama_jenazah', 'Nama Jenazah'),
(23, 'jns_kel_jenazah', '1'),
(23, 'tmpt_lahir_jenazah', 'Tempat Lahir'),
(23, 'tgl_lahir_jenazah', '15-01-1990'),
(23, 'anak_ke_jenazah', '2'),
(23, 'tgl_mati_jenazah', '01-01-2015'),
(23, 'jam_mati_jenazah', 'Jam'),
(23, 'sebab_mati_jenazah', 'Sebab Mati'),
(23, 'tempat_mati_jenazah', 'Tempat Mati'),
(23, 'penerang_jenazah', 'Yang Menenangkan'),
(23, 'nik_ibu', '3375823547687234'),
(23, 'nama_ibu', 'Nama Ibu'),
(23, 'tgl_lahir_ibu', '1984-07-15'),
(23, 'pekerjaan_ibu', 'Bapak Rumah Tangga'),
(23, 'alamat_ibu', 'Alamat Lengkap si Bapak'),
(23, 'rt_ibu', '2'),
(23, 'rw_ibu', '1'),
(23, 'pos_ibu', '54321'),
(23, 'kel_ibu', 'Nama Kelurahan'),
(23, 'kec_ibu', 'Nama Kecamatan'),
(23, 'kota_ibu', 'Kab. Pekalongan'),
(23, 'prop_ibu', 'Jawa Tengah'),
(23, 'kwn_ibu', '-'),
(23, 'kebangsaan_ibu', 'Indonesia'),
(23, 'tgl_nikah_ibu', '10-02-1991'),
(23, 'nik_ayah', '3375823547687234'),
(23, 'nama_ayah', 'Nama Ayah'),
(23, 'tgl_lahir_ayah', '1984-07-15'),
(23, 'pekerjaan_ayah', 'Bapak Rumah Tangga'),
(23, 'alamat_ayah', 'Alamat Lengkap si Bapak'),
(23, 'rt_ayah', '2'),
(23, 'rw_ayah', '1'),
(23, 'pos_ayah', '54321'),
(23, 'kel_ayah', 'Nama Kelurahan'),
(23, 'kec_ayah', 'Nama Kecamatan'),
(23, 'kota_ayah', 'Kab. Pekalongan'),
(23, 'prop_ayah', 'Jawa Tengah'),
(23, 'kwn_ayah', '-'),
(23, 'nik_saksi_1', '3375823547687234'),
(23, 'nama_saksi_1', 'Nama Saksi 1'),
(23, 'tgl_lahir_saksi_1', '1984-07-15'),
(23, 'pekerjaan_saksi_1', 'Bapak Rumah Tangga'),
(23, 'alamat_saksi_1', 'Alamat Lengkap si Bapak'),
(23, 'rt_saksi_1', '2'),
(23, 'rw_saksi_1', '1'),
(23, 'pos_saksi_1', '54321'),
(23, 'kel_saksi_1', 'Nama Kelurahan'),
(23, 'kec_saksi_1', 'Nama Kecamatan'),
(23, 'kota_saksi_1', 'Kab. Pekalongan'),
(23, 'prop_saksi_1', 'Jawa Tengah'),
(23, 'nik_saksi_2', '3375823547687234'),
(23, 'nama_saksi_2', 'Nama Saksi 2'),
(23, 'tgl_lahir_saksi_2', '1984-07-15'),
(23, 'pekerjaan_saksi_2', 'Bapak Rumah Tangga'),
(23, 'alamat_saksi_2', 'Alamat Lengkap si Bapak'),
(23, 'rt_saksi_2', '2'),
(23, 'rw_saksi_2', '1'),
(23, 'pos_saksi_2', '54321'),
(23, 'kel_saksi_2', 'Nama Kelurahan'),
(23, 'kec_saksi_2', 'Nama Kecamatan'),
(23, 'kota_saksi_2', 'Kab. Pekalongan'),
(23, 'prop_saksi_2', 'Jawa Tengah'),
(24, 'sk_rw', '-'),
(24, 'sk_rw_no', '-'),
(24, 'sk_rw_tgl', '-'),
(24, 'bukti_ktp', '3375823547687567'),
(24, 'bukti_kk', '3375826875476735'),
(24, 'nama_usaha', 'Nama Perusahaan'),
(24, 'nama_pemilik', 'Saya'),
(24, 'alamat_usaha', 'disini'),
(24, 'jns_usaha', 'anu'),
(24, 'status_usaha', 'bangkrut'),
(24, 'juml_karyawan', '2'),
(24, 'luas_usaha', '12'),
(24, 'jam_kerja', 'kapan aja'),
(25, 'berlaku', '-'),
(25, 'bukti_ktp', '3375823547687567'),
(25, 'bukti_kk', '3375826875476735'),
(25, 'ket_lain', 'keterangan lain'),
(26, 'berlaku', '-'),
(26, 'bukti_ktp', '3375823547687567'),
(26, 'bukti_kk', '3375826875476735'),
(26, 'ket_lain', 'keterangan lain'),
(27, 'sk_rw', '-'),
(27, 'sk_rw_no', '-'),
(27, 'sk_rw_tgl', '-'),
(27, 'bukti_ktp', '3375823547687567'),
(27, 'bukti_kk', '3375826875476735'),
(27, 'maksud_acara', 'Hura-hura'),
(27, 'tgl_acara', '05-01-2015'),
(27, 'waktu_acara', '16'),
(27, 'jenis_acara', 'Apa Ajah'),
(27, 'juml_undangan', '2'),
(27, 'tmpt_acara', 'Dimana Ajah'),
(28, 'nik', '3375823547687567'),
(28, 'nama', 'Nama Bapak'),
(28, 'no_kk', '3375826875476735'),
(28, 'alamat', 'Alamat Lengkap si Bapak'),
(29, 'nik', '3375823547687567'),
(29, 'nama', 'Nama Bapak'),
(29, 'no_kk', '3375826875476735'),
(29, 'alamat', 'Alamat Lengkap si Bapak'),
(29, 'rt', '2'),
(29, 'rw', '1'),
(29, 'pos', '54321'),
(29, 'juml_keluarga', '1'),
(29, 'keluarga', 'a:1:{i:0;a:4:{s:12:\"keluarga_nik\";s:16:\"3375823547687567\";s:13:\"keluarga_nama\";s:10:\"Nama Bapak\";s:16:\"keluarga_tgl_ktp\";s:10:\"10/10/2010\";s:13:\"keluarga_shdk\";s:1:\"1\";}}'),
(30, 'no_kk_dari', '3375823547687567'),
(30, 'nama_kk_dari', 'Nama Kepala Keluarga'),
(30, 'alamat_dari', 'Alamat Asal'),
(30, 'rt_dari', '1'),
(30, 'rw_dari', '1'),
(30, 'pos_dari', '12345'),
(30, 'nik_dari', '3375823547687567'),
(30, 'nama_dari', 'Nama Bapak'),
(30, 'alasan_pindah', 'Pingin Pindah'),
(30, 'alamat_pindah', 'Alamat Baru'),
(30, 'rt_pindah', '2'),
(30, 'rw_pindah', '2'),
(30, 'pos_pindah', '54321'),
(30, 'kel_pindah', 'Keluarahan Baru'),
(30, 'kec_pindah', 'Kecamatan Baru'),
(30, 'kota_pindah', 'Kab. Baru'),
(30, 'prov_pindah', 'Propinsi Baru'),
(30, 'klasifikasi', 'Digusur'),
(30, 'jenis', 'Paksaan'),
(30, 'kk_tak_pindah', 'Gak Tauk'),
(30, 'kk_pindah', 'Gak Tauk'),
(30, 'tgl_pindah', '04-01-2015'),
(30, 'juml_keluarga', '1'),
(30, 'keluarga', 'a:1:{i:0;a:3:{s:12:\"keluarga_nik\";s:16:\"3375823547687567\";s:13:\"keluarga_nama\";s:10:\"Nama Bapak\";s:13:\"keluarga_shdk\";s:1:\"1\";}}'),
(31, 'sk_rw', '-'),
(31, 'sk_rw_no', '-'),
(31, 'sk_rw_tgl', '-'),
(31, 'bukti_ktp', '3375823547687234'),
(31, 'bukti_kk', '3375826874475735'),
(32, 'sk_rw', '-'),
(32, 'sk_rw_no', '-'),
(32, 'sk_rw_tgl', '-'),
(32, 'bukti_ktp', '3375823547687234'),
(32, 'bukti_kk', '3375826874475735'),
(33, 'sk_rw', '-'),
(33, 'sk_rw_no', '-'),
(33, 'sk_rw_tgl', '-'),
(33, 'bukti_ktp', '3375823547687234'),
(33, 'bukti_kk', '3375826874475735'),
(33, 'jns_usaha', 'anu'),
(34, 'sk_rw', '-'),
(34, 'sk_rw_no', '-'),
(34, 'sk_rw_tgl', '-'),
(34, 'bukti_ktp', '3375823547687234'),
(34, 'bukti_kk', '3375826874475735'),
(35, 'berlaku', '11-12-2015'),
(35, 'bukti_ktp', '3375823547687234'),
(35, 'bukti_kk', '3375826874475735'),
(35, 'ket_lain', 'keterangan lain'),
(36, 'tujuan_pernyataan', 'Anu'),
(36, 'isi_pernyataan', 'Isi Pernyataan'),
(36, 'saksi_1', 'ana'),
(36, 'saksi_2', 'ani'),
(36, 'ketua_rt', 'ono'),
(36, 'ketua_rw', 'ene'),
(37, 'hub_pemohon', 'Bapaknya'),
(37, 'nama_bayi', 'Nama Bayi'),
(37, 'jns_kel_bayi', '-'),
(37, 'tmpt_lahir_bayi', 'Tempat Lahir'),
(37, 'hari_lahir_bayi', 'Hari'),
(37, 'waktu_lahir_bayi', 'Jam'),
(37, 'tgl_lahir_bayi', '02-12-2014'),
(37, 'jns_lahir_bayi', 'Normal'),
(37, 'urutan_bayi', '3'),
(37, 'asisten_lahir', 'Si Anu'),
(37, 'berat_bayi', '2'),
(37, 'panjang_bayi', '40'),
(37, 'nik_ibu', '3375823547687234'),
(37, 'nama_ibu', 'Nama Ibu'),
(37, 'tgl_lahir_ibu', '1984-07-15'),
(37, 'pekerjaan_ibu', 'Bapak Rumah Tangga'),
(37, 'alamat_ibu', 'Alamat Lengkap si Bapak'),
(37, 'rt_ibu', '2'),
(37, 'rw_ibu', '1'),
(37, 'pos_ibu', '54321'),
(37, 'kel_ibu', 'Nama Kelurahan'),
(37, 'kec_ibu', 'Nama Kecamatan'),
(37, 'kota_ibu', 'Kab. Pekalongan'),
(37, 'prop_ibu', 'Jawa Tengah'),
(37, 'kwn_ibu', '-'),
(37, 'kebangsaan_ibu', 'Indonesia'),
(37, 'tgl_nikah_ibu', '10-02-1991'),
(37, 'nik_ayah', '3375823547687234'),
(37, 'nama_ayah', 'Nama Ayah'),
(37, 'tgl_lahir_ayah', '1984-07-15'),
(37, 'pekerjaan_ayah', 'Bapak Rumah Tangga'),
(37, 'alamat_ayah', 'Alamat Lengkap si Bapak'),
(37, 'rt_ayah', '2'),
(37, 'rw_ayah', '1'),
(37, 'pos_ayah', '54321'),
(37, 'kel_ayah', 'Nama Kelurahan'),
(37, 'kec_ayah', 'Nama Kecamatan'),
(37, 'kota_ayah', 'Kab. Pekalongan'),
(37, 'prop_ayah', 'Jawa Tengah'),
(37, 'kwn_ayah', '-'),
(37, 'nik_saksi_1', '3375823547687234'),
(37, 'nama_saksi_1', 'Nama Saksi 1'),
(37, 'tgl_lahir_saksi_1', '1984-07-15'),
(37, 'pekerjaan_saksi_1', 'Bapak Rumah Tangga'),
(37, 'alamat_saksi_1', 'Alamat Lengkap si Bapak'),
(37, 'rt_saksi_1', '2'),
(37, 'rw_saksi_1', '1'),
(37, 'pos_saksi_1', '54321'),
(37, 'kel_saksi_1', 'Nama Kelurahan'),
(37, 'kec_saksi_1', 'Nama Kecamatan'),
(37, 'kota_saksi_1', 'Kab. Pekalongan'),
(37, 'prop_saksi_1', 'Jawa Tengah'),
(37, 'nik_saksi_2', '3375823547687234'),
(37, 'nama_saksi_2', 'Nama Saksi 2'),
(37, 'tgl_lahir_saksi_2', '1984-07-15'),
(37, 'pekerjaan_saksi_2', 'Bapak Rumah Tangga'),
(37, 'alamat_saksi_2', 'Alamat Lengkap si Bapak'),
(37, 'rt_saksi_2', '2'),
(37, 'rw_saksi_2', '1'),
(37, 'pos_saksi_2', '54321'),
(37, 'kel_saksi_2', 'Nama Kelurahan'),
(37, 'kec_saksi_2', 'Nama Kecamatan'),
(37, 'kota_saksi_2', 'Kab. Pekalongan'),
(37, 'prop_saksi_2', 'Jawa Tengah'),
(38, 'hub_pemohon', 'Bapaknya'),
(38, 'nik_jenazah', '3375823547687234'),
(38, 'nama_jenazah', 'Nama Jenazah'),
(38, 'jns_kel_jenazah', '1'),
(38, 'tmpt_lahir_jenazah', 'Tempat Lahir'),
(38, 'tgl_lahir_jenazah', '15-01-1990'),
(38, 'anak_ke_jenazah', '2'),
(38, 'tgl_mati_jenazah', '01-01-2015'),
(38, 'jam_mati_jenazah', 'Jam'),
(38, 'sebab_mati_jenazah', 'Sebab Mati'),
(38, 'tempat_mati_jenazah', 'Tempat Mati'),
(38, 'penerang_jenazah', 'Yang Menenangkan'),
(38, 'nik_ibu', '3375823547687234'),
(38, 'nama_ibu', 'Nama Ibu'),
(38, 'tgl_lahir_ibu', '1984-07-15'),
(38, 'pekerjaan_ibu', 'Bapak Rumah Tangga'),
(38, 'alamat_ibu', 'Alamat Lengkap si Bapak'),
(38, 'rt_ibu', '2'),
(38, 'rw_ibu', '1'),
(38, 'pos_ibu', '54321'),
(38, 'kel_ibu', 'Nama Kelurahan'),
(38, 'kec_ibu', 'Nama Kecamatan'),
(38, 'kota_ibu', 'Kab. Pekalongan'),
(38, 'prop_ibu', 'Jawa Tengah'),
(38, 'kwn_ibu', '-'),
(38, 'kebangsaan_ibu', 'Indonesia'),
(38, 'tgl_nikah_ibu', '10-02-1991'),
(38, 'nik_ayah', '3375823547687234'),
(38, 'nama_ayah', 'Nama Ayah'),
(38, 'tgl_lahir_ayah', '1984-07-15'),
(38, 'pekerjaan_ayah', 'Bapak Rumah Tangga'),
(38, 'alamat_ayah', 'Alamat Lengkap si Bapak'),
(38, 'rt_ayah', '2'),
(38, 'rw_ayah', '1'),
(38, 'pos_ayah', '54321'),
(38, 'kel_ayah', 'Nama Kelurahan'),
(38, 'kec_ayah', 'Nama Kecamatan'),
(38, 'kota_ayah', 'Kab. Pekalongan'),
(38, 'prop_ayah', 'Jawa Tengah'),
(38, 'kwn_ayah', '-'),
(38, 'nik_saksi_1', '3375823547687234'),
(38, 'nama_saksi_1', 'Nama Saksi 1'),
(38, 'tgl_lahir_saksi_1', '1984-07-15'),
(38, 'pekerjaan_saksi_1', 'Bapak Rumah Tangga'),
(38, 'alamat_saksi_1', 'Alamat Lengkap si Bapak'),
(38, 'rt_saksi_1', '2'),
(38, 'rw_saksi_1', '1'),
(38, 'pos_saksi_1', '54321'),
(38, 'kel_saksi_1', 'Nama Kelurahan'),
(38, 'kec_saksi_1', 'Nama Kecamatan'),
(38, 'kota_saksi_1', 'Kab. Pekalongan'),
(38, 'prop_saksi_1', 'Jawa Tengah'),
(38, 'nik_saksi_2', '3375823547687234'),
(38, 'nama_saksi_2', 'Nama Saksi 2'),
(38, 'tgl_lahir_saksi_2', '1984-07-15'),
(38, 'pekerjaan_saksi_2', 'Bapak Rumah Tangga'),
(38, 'alamat_saksi_2', 'Alamat Lengkap si Bapak'),
(38, 'rt_saksi_2', '2'),
(38, 'rw_saksi_2', '1'),
(38, 'pos_saksi_2', '54321'),
(38, 'kel_saksi_2', 'Nama Kelurahan'),
(38, 'kec_saksi_2', 'Nama Kecamatan'),
(38, 'kota_saksi_2', 'Kab. Pekalongan'),
(38, 'prop_saksi_2', 'Jawa Tengah'),
(39, 'sk_rw', '-'),
(39, 'sk_rw_no', '-'),
(39, 'sk_rw_tgl', '-'),
(39, 'bukti_ktp', '3375823547687567'),
(39, 'bukti_kk', '3375826875476735'),
(39, 'nama_usaha', 'Nama Perusahaan'),
(39, 'nama_pemilik', 'Saya'),
(39, 'alamat_usaha', 'disini'),
(39, 'jns_usaha', 'anu'),
(39, 'status_usaha', 'bangkrut'),
(39, 'juml_karyawan', '2'),
(39, 'luas_usaha', '12'),
(39, 'jam_kerja', 'kapan aja'),
(40, 'berlaku', '-'),
(40, 'bukti_ktp', '3375823547687567'),
(40, 'bukti_kk', '3375826875476735'),
(40, 'ket_lain', 'keterangan lain'),
(41, 'berlaku', '-'),
(41, 'bukti_ktp', '3375823547687567'),
(41, 'bukti_kk', '3375826875476735'),
(41, 'ket_lain', 'keterangan lain'),
(42, 'sk_rw', '-'),
(42, 'sk_rw_no', '-'),
(42, 'sk_rw_tgl', '-'),
(42, 'bukti_ktp', '3375823547687567'),
(42, 'bukti_kk', '3375826875476735'),
(42, 'maksud_acara', 'Hura-hura'),
(42, 'tgl_acara', '05-01-2015'),
(42, 'waktu_acara', '16'),
(42, 'jenis_acara', 'Apa Ajah'),
(42, 'juml_undangan', '2'),
(42, 'tmpt_acara', 'Dimana Ajah'),
(43, 'nik', '3375823547687567'),
(43, 'nama', 'Nama Bapak'),
(43, 'no_kk', '3375826875476735'),
(43, 'alamat', 'Alamat Lengkap si Bapak'),
(44, 'nik', '3375823547687567'),
(44, 'nama', 'Nama Bapak'),
(44, 'no_kk', '3375826875476735'),
(44, 'alamat', 'Alamat Lengkap si Bapak'),
(44, 'rt', '2'),
(44, 'rw', '1'),
(44, 'pos', '54321'),
(44, 'juml_keluarga', '1'),
(44, 'keluarga', 'a:1:{i:0;a:4:{s:12:\"keluarga_nik\";s:16:\"3375823547687567\";s:13:\"keluarga_nama\";s:10:\"Nama Bapak\";s:16:\"keluarga_tgl_ktp\";s:10:\"10/10/2010\";s:13:\"keluarga_shdk\";s:1:\"1\";}}'),
(45, 'no_kk_dari', '3375823547687567'),
(45, 'nama_kk_dari', 'Nama Kepala Keluarga'),
(45, 'alamat_dari', 'Alamat Asal'),
(45, 'rt_dari', '1'),
(45, 'rw_dari', '1'),
(45, 'pos_dari', '12345'),
(45, 'nik_dari', '3375823547687567'),
(45, 'nama_dari', 'Nama Bapak'),
(45, 'alasan_pindah', 'Pingin Pindah'),
(45, 'alamat_pindah', 'Alamat Baru'),
(45, 'rt_pindah', '2'),
(45, 'rw_pindah', '2'),
(45, 'pos_pindah', '54321'),
(45, 'kel_pindah', 'Keluarahan Baru'),
(45, 'kec_pindah', 'Kecamatan Baru'),
(45, 'kota_pindah', 'Kab. Baru'),
(45, 'prov_pindah', 'Propinsi Baru'),
(45, 'klasifikasi', 'Digusur'),
(45, 'jenis', 'Paksaan'),
(45, 'kk_tak_pindah', 'Gak Tauk'),
(45, 'kk_pindah', 'Gak Tauk'),
(45, 'tgl_pindah', '04-01-2015'),
(45, 'juml_keluarga', '1'),
(45, 'keluarga', 'a:1:{i:0;a:3:{s:12:\"keluarga_nik\";s:16:\"3375823547687567\";s:13:\"keluarga_nama\";s:10:\"Nama Bapak\";s:13:\"keluarga_shdk\";s:1:\"1\";}}'),
(46, 'sk_rw', '-'),
(46, 'sk_rw_no', '-'),
(46, 'sk_rw_tgl', '-'),
(46, 'bukti_ktp', '3375823547687234'),
(46, 'bukti_kk', '3375826874475735'),
(47, 'sk_rw', '-'),
(47, 'sk_rw_no', '-'),
(47, 'sk_rw_tgl', '-'),
(47, 'bukti_ktp', '3375823547687234'),
(47, 'bukti_kk', '3375826874475735'),
(48, 'sk_rw', '-'),
(48, 'sk_rw_no', '-'),
(48, 'sk_rw_tgl', '-'),
(48, 'bukti_ktp', '3375823547687234'),
(48, 'bukti_kk', '3375826874475735'),
(48, 'jns_usaha', 'anu'),
(49, 'sk_rw', '-'),
(49, 'sk_rw_no', '-'),
(49, 'sk_rw_tgl', '-'),
(49, 'bukti_ktp', '3375823547687234'),
(49, 'bukti_kk', '3375826874475735'),
(40, 'berlaku', '11-12-2015'),
(40, 'bukti_ktp', '3375823547687234'),
(40, 'bukti_kk', '3375826874475735'),
(40, 'ket_lain', 'keterangan lain'),
(51, 'tujuan_pernyataan', 'Anu'),
(51, 'isi_pernyataan', 'Isi Pernyataan'),
(51, 'saksi_1', 'ana'),
(51, 'saksi_2', 'ani'),
(51, 'ketua_rt', 'ono'),
(51, 'ketua_rw', 'ene'),
(52, 'hub_pemohon', 'Bapaknya'),
(52, 'nama_bayi', 'Nama Bayi'),
(52, 'jns_kel_bayi', '-'),
(52, 'tmpt_lahir_bayi', 'Tempat Lahir'),
(52, 'hari_lahir_bayi', 'Hari'),
(52, 'waktu_lahir_bayi', 'Jam'),
(52, 'tgl_lahir_bayi', '02-12-2014'),
(52, 'jns_lahir_bayi', 'Normal'),
(52, 'urutan_bayi', '3'),
(52, 'asisten_lahir', 'Si Anu'),
(52, 'berat_bayi', '2'),
(52, 'panjang_bayi', '40'),
(52, 'nik_ibu', '3375823547687234'),
(52, 'nama_ibu', 'Nama Ibu'),
(52, 'tgl_lahir_ibu', '1984-07-15'),
(52, 'pekerjaan_ibu', 'Bapak Rumah Tangga'),
(52, 'alamat_ibu', 'Alamat Lengkap si Bapak'),
(52, 'rt_ibu', '2'),
(52, 'rw_ibu', '1'),
(52, 'pos_ibu', '54321'),
(52, 'kel_ibu', 'Nama Kelurahan'),
(52, 'kec_ibu', 'Nama Kecamatan'),
(52, 'kota_ibu', 'Kab. Pekalongan'),
(52, 'prop_ibu', 'Jawa Tengah'),
(52, 'kwn_ibu', '-'),
(52, 'kebangsaan_ibu', 'Indonesia'),
(52, 'tgl_nikah_ibu', '10-02-1991'),
(52, 'nik_ayah', '3375823547687234'),
(52, 'nama_ayah', 'Nama Ayah'),
(52, 'tgl_lahir_ayah', '1984-07-15'),
(52, 'pekerjaan_ayah', 'Bapak Rumah Tangga'),
(52, 'alamat_ayah', 'Alamat Lengkap si Bapak'),
(52, 'rt_ayah', '2'),
(52, 'rw_ayah', '1'),
(52, 'pos_ayah', '54321'),
(52, 'kel_ayah', 'Nama Kelurahan'),
(52, 'kec_ayah', 'Nama Kecamatan'),
(52, 'kota_ayah', 'Kab. Pekalongan'),
(52, 'prop_ayah', 'Jawa Tengah'),
(52, 'kwn_ayah', '-'),
(52, 'nik_saksi_1', '3375823547687234'),
(52, 'nama_saksi_1', 'Nama Saksi 1'),
(52, 'tgl_lahir_saksi_1', '1984-07-15'),
(52, 'pekerjaan_saksi_1', 'Bapak Rumah Tangga'),
(52, 'alamat_saksi_1', 'Alamat Lengkap si Bapak'),
(52, 'rt_saksi_1', '2'),
(52, 'rw_saksi_1', '1'),
(52, 'pos_saksi_1', '54321'),
(52, 'kel_saksi_1', 'Nama Kelurahan'),
(52, 'kec_saksi_1', 'Nama Kecamatan'),
(52, 'kota_saksi_1', 'Kab. Pekalongan'),
(52, 'prop_saksi_1', 'Jawa Tengah'),
(52, 'nik_saksi_2', '3375823547687234'),
(52, 'nama_saksi_2', 'Nama Saksi 2'),
(52, 'tgl_lahir_saksi_2', '1984-07-15'),
(52, 'pekerjaan_saksi_2', 'Bapak Rumah Tangga'),
(52, 'alamat_saksi_2', 'Alamat Lengkap si Bapak'),
(52, 'rt_saksi_2', '2'),
(52, 'rw_saksi_2', '1'),
(52, 'pos_saksi_2', '54321'),
(52, 'kel_saksi_2', 'Nama Kelurahan'),
(52, 'kec_saksi_2', 'Nama Kecamatan'),
(52, 'kota_saksi_2', 'Kab. Pekalongan'),
(52, 'prop_saksi_2', 'Jawa Tengah'),
(53, 'hub_pemohon', 'Bapaknya'),
(53, 'nik_jenazah', '3375823547687234'),
(53, 'nama_jenazah', 'Nama Jenazah'),
(53, 'jns_kel_jenazah', '1'),
(53, 'tmpt_lahir_jenazah', 'Tempat Lahir'),
(53, 'tgl_lahir_jenazah', '15-01-1990'),
(53, 'anak_ke_jenazah', '2'),
(53, 'tgl_mati_jenazah', '01-01-2015'),
(53, 'jam_mati_jenazah', 'Jam'),
(53, 'sebab_mati_jenazah', 'Sebab Mati'),
(53, 'tempat_mati_jenazah', 'Tempat Mati'),
(53, 'penerang_jenazah', 'Yang Menenangkan'),
(53, 'nik_ibu', '3375823547687234'),
(53, 'nama_ibu', 'Nama Ibu'),
(53, 'tgl_lahir_ibu', '1984-07-15'),
(53, 'pekerjaan_ibu', 'Bapak Rumah Tangga'),
(53, 'alamat_ibu', 'Alamat Lengkap si Bapak'),
(53, 'rt_ibu', '2'),
(53, 'rw_ibu', '1'),
(53, 'pos_ibu', '54321'),
(53, 'kel_ibu', 'Nama Kelurahan'),
(53, 'kec_ibu', 'Nama Kecamatan'),
(53, 'kota_ibu', 'Kab. Pekalongan'),
(53, 'prop_ibu', 'Jawa Tengah'),
(53, 'kwn_ibu', '-'),
(53, 'kebangsaan_ibu', 'Indonesia'),
(53, 'tgl_nikah_ibu', '10-02-1991'),
(53, 'nik_ayah', '3375823547687234'),
(53, 'nama_ayah', 'Nama Ayah'),
(53, 'tgl_lahir_ayah', '1984-07-15'),
(53, 'pekerjaan_ayah', 'Bapak Rumah Tangga'),
(53, 'alamat_ayah', 'Alamat Lengkap si Bapak'),
(53, 'rt_ayah', '2'),
(53, 'rw_ayah', '1'),
(53, 'pos_ayah', '54321'),
(53, 'kel_ayah', 'Nama Kelurahan'),
(53, 'kec_ayah', 'Nama Kecamatan'),
(53, 'kota_ayah', 'Kab. Pekalongan'),
(53, 'prop_ayah', 'Jawa Tengah'),
(53, 'kwn_ayah', '-'),
(53, 'nik_saksi_1', '3375823547687234'),
(53, 'nama_saksi_1', 'Nama Saksi 1'),
(53, 'tgl_lahir_saksi_1', '1984-07-15'),
(53, 'pekerjaan_saksi_1', 'Bapak Rumah Tangga'),
(53, 'alamat_saksi_1', 'Alamat Lengkap si Bapak'),
(53, 'rt_saksi_1', '2'),
(53, 'rw_saksi_1', '1'),
(53, 'pos_saksi_1', '54321'),
(53, 'kel_saksi_1', 'Nama Kelurahan'),
(53, 'kec_saksi_1', 'Nama Kecamatan'),
(53, 'kota_saksi_1', 'Kab. Pekalongan'),
(53, 'prop_saksi_1', 'Jawa Tengah'),
(53, 'nik_saksi_2', '3375823547687234'),
(53, 'nama_saksi_2', 'Nama Saksi 2'),
(53, 'tgl_lahir_saksi_2', '1984-07-15'),
(53, 'pekerjaan_saksi_2', 'Bapak Rumah Tangga'),
(53, 'alamat_saksi_2', 'Alamat Lengkap si Bapak'),
(53, 'rt_saksi_2', '2'),
(53, 'rw_saksi_2', '1'),
(53, 'pos_saksi_2', '54321'),
(53, 'kel_saksi_2', 'Nama Kelurahan'),
(53, 'kec_saksi_2', 'Nama Kecamatan'),
(53, 'kota_saksi_2', 'Kab. Pekalongan'),
(53, 'prop_saksi_2', 'Jawa Tengah'),
(54, 'sk_rw', '-'),
(54, 'sk_rw_no', '-'),
(54, 'sk_rw_tgl', '-'),
(54, 'bukti_ktp', '3375823547687567'),
(54, 'bukti_kk', '3375826875476735'),
(54, 'nama_usaha', 'Nama Perusahaan'),
(54, 'nama_pemilik', 'Saya'),
(54, 'alamat_usaha', 'disini'),
(54, 'jns_usaha', 'anu'),
(54, 'status_usaha', 'bangkrut'),
(54, 'juml_karyawan', '2'),
(54, 'luas_usaha', '12'),
(54, 'jam_kerja', 'kapan aja'),
(55, 'berlaku', '-'),
(55, 'bukti_ktp', '3375823547687567'),
(55, 'bukti_kk', '3375826875476735'),
(55, 'ket_lain', 'keterangan lain'),
(56, 'berlaku', '-'),
(56, 'bukti_ktp', '3375823547687567'),
(56, 'bukti_kk', '3375826875476735'),
(56, 'ket_lain', 'keterangan lain'),
(57, 'sk_rw', '-'),
(57, 'sk_rw_no', '-'),
(57, 'sk_rw_tgl', '-'),
(57, 'bukti_ktp', '3375823547687567'),
(57, 'bukti_kk', '3375826875476735'),
(57, 'maksud_acara', 'Hura-hura'),
(57, 'tgl_acara', '05-01-2015'),
(57, 'waktu_acara', '16'),
(57, 'jenis_acara', 'Apa Ajah'),
(57, 'juml_undangan', '2'),
(57, 'tmpt_acara', 'Dimana Ajah'),
(58, 'nik', '3375823547687567'),
(58, 'nama', 'Nama Bapak'),
(58, 'no_kk', '3375826875476735'),
(58, 'alamat', 'Alamat Lengkap si Bapak'),
(59, 'nik', '3375823547687567'),
(59, 'nama', 'Nama Bapak'),
(59, 'no_kk', '3375826875476735'),
(59, 'alamat', 'Alamat Lengkap si Bapak'),
(59, 'rt', '2'),
(59, 'rw', '1'),
(59, 'pos', '54321'),
(59, 'juml_keluarga', '1'),
(59, 'keluarga', 'a:1:{i:0;a:4:{s:12:\"keluarga_nik\";s:16:\"3375823547687567\";s:13:\"keluarga_nama\";s:10:\"Nama Bapak\";s:16:\"keluarga_tgl_ktp\";s:10:\"10/10/2010\";s:13:\"keluarga_shdk\";s:1:\"1\";}}'),
(60, 'no_kk_dari', '3375823547687567'),
(60, 'nama_kk_dari', 'Nama Kepala Keluarga'),
(60, 'alamat_dari', 'Alamat Asal'),
(60, 'rt_dari', '1'),
(60, 'rw_dari', '1'),
(60, 'pos_dari', '12345'),
(60, 'nik_dari', '3375823547687567'),
(60, 'nama_dari', 'Nama Bapak'),
(60, 'alasan_pindah', 'Pingin Pindah'),
(60, 'alamat_pindah', 'Alamat Baru'),
(60, 'rt_pindah', '2'),
(60, 'rw_pindah', '2'),
(60, 'pos_pindah', '54321'),
(60, 'kel_pindah', 'Keluarahan Baru'),
(60, 'kec_pindah', 'Kecamatan Baru'),
(60, 'kota_pindah', 'Kab. Baru'),
(60, 'prov_pindah', 'Propinsi Baru'),
(60, 'klasifikasi', 'Digusur'),
(60, 'jenis', 'Paksaan'),
(60, 'kk_tak_pindah', 'Gak Tauk'),
(60, 'kk_pindah', 'Gak Tauk'),
(60, 'tgl_pindah', '04-01-2015'),
(60, 'juml_keluarga', '1'),
(60, 'keluarga', 'a:1:{i:0;a:3:{s:12:\"keluarga_nik\";s:16:\"3375823547687567\";s:13:\"keluarga_nama\";s:10:\"Nama Bapak\";s:13:\"keluarga_shdk\";s:1:\"1\";}}');

